{"aa": {"lock_time": 1523196570.8696058, "count": 3}, "": {"lock_time": 1523196583.1399739, "count": 3}, "tt": {"lock_time": 1523194896.9907503, "count": 3}, "a": {"lock_time": 1523196587.237622, "count": 3}, "ww": {"lock_time": 1523194874.0625596, "count": 3}}